{
  "betterdungeons:root": {
    "criteria": {
      "always": "2024-05-17 19:48:49 -0400"
    },
    "done": true
  },
  "rpg_classes:root": {
    "criteria": {
      "always": "2024-05-17 19:48:49 -0400"
    },
    "done": true
  },
  "deeperdarker:recipes/deeperdarker/echo_boat": {
    "criteria": {
      "in_water": "2024-05-17 19:49:22 -0400"
    },
    "done": true
  },
  "mythicmobs:mythicmobs": {
    "criteria": {
      "tick": "2024-05-17 19:48:49 -0400"
    },
    "done": true
  },
  "2mal3:adco/installed": {
    "criteria": {
      "trigger": "2024-05-17 19:48:49 -0400"
    },
    "done": true
  },
  "ecologics:recipes/ecologics/walnut_boat": {
    "criteria": {
      "in_water": "2024-05-17 19:49:22 -0400"
    },
    "done": true
  },
  "ecologics:recipes/ecologics/coconut_boat": {
    "criteria": {
      "in_water": "2024-05-17 19:49:22 -0400"
    },
    "done": true
  },
  "frostiful:recipes/combat/armor/fur_padded_chainmail_helmet": {
    "criteria": {
      "has_fur_armor": "2024-05-17 19:48:49 -0400"
    },
    "done": true
  },
  "creategoggles:recipes/combat/goggle_golden_helmet": {
    "criteria": {
      "has_helmet": "2024-05-17 19:49:14 -0400"
    },
    "done": true
  },
  "naturescompass:natures_compass": {
    "criteria": {
      "has_compass": "2024-05-17 19:48:49 -0400"
    },
    "done": true
  },
  "aylyth:recipes/aylyth.aylyth/writhewood_boat": {
    "criteria": {
      "in_water": "2024-05-17 19:49:22 -0400"
    },
    "done": true
  },
  "frostiful:recipes/combat/armor/fur_padded_chainmail_boots": {
    "criteria": {
      "has_fur_armor": "2024-05-17 19:48:50 -0400"
    },
    "done": true
  },
  "byg:root": {
    "criteria": {
      "tick": "2024-05-17 19:48:49 -0400"
    },
    "done": true
  },
  "the_bumblezone:the_bumblezone/root": {
    "criteria": {
      "instant_granted": "2024-05-17 19:48:49 -0400"
    },
    "done": true
  },
  "seasonsextras:recipes/air_conditioning": {
    "criteria": {
      "has_furnace": "2024-05-17 19:48:49 -0400"
    },
    "done": true
  },
  "toms_storage:unlock_glowstone": {
    "criteria": {
      "inv_changed-glowstone": "2024-05-17 19:48:50 -0400"
    },
    "done": true
  },
  "minecraft:adventure/adventuring_time": {
    "criteria": {
      "minecraft:dripstone_caves": "2024-05-17 19:49:13 -0400"
    },
    "done": false
  },
  "charm:core/smithing": {
    "criteria": {
      "player_joined": "2024-05-17 19:48:49 -0400"
    },
    "done": true
  },
  "simplyswords:grant_book_on_first_join": {
    "criteria": {
      "tick": "2024-05-17 19:48:49 -0400"
    },
    "done": true
  },
  "toms_storage:unlock_netherite": {
    "criteria": {
      "inv_changed-netherite": "2024-05-17 19:48:49 -0400"
    },
    "done": true
  },
  "seasonsextras:recipes/greenhouse_glass": {
    "criteria": {
      "has_glass": "2024-05-17 19:48:50 -0400"
    },
    "done": true
  },
  "minecraft:recipes/decorations/chest": {
    "criteria": {
      "has_lots_of_items": "2024-05-17 19:49:11 -0400"
    },
    "done": true
  },
  "minecraft:recipes/transportation/birch_boat": {
    "criteria": {
      "in_water": "2024-05-17 19:49:22 -0400"
    },
    "done": true
  },
  "ecologics:recipes/ecologics/flowering_azalea_boat": {
    "criteria": {
      "in_water": "2024-05-17 19:49:22 -0400"
    },
    "done": true
  },
  "minecraft:recipes/transportation/mangrove_boat": {
    "criteria": {
      "in_water": "2024-05-17 19:49:22 -0400"
    },
    "done": true
  },
  "toms_storage:unlock_dia_pearl": {
    "criteria": {
      "inv_changed-ender_pearl": "2024-05-17 19:48:50 -0400",
      "inv_changed-diamond": "2024-05-17 19:48:50 -0400"
    },
    "done": true
  },
  "inmis:recipes/plated_backpack": {
    "criteria": {
      "has_frayed_backpack": "2024-05-17 19:49:11 -0400"
    },
    "done": true
  },
  "minecraft:recipes/transportation/acacia_boat": {
    "criteria": {
      "in_water": "2024-05-17 19:49:22 -0400"
    },
    "done": true
  },
  "seasonsextras:recipes/season_calendar": {
    "criteria": {
      "has_clock": "2024-05-17 19:48:50 -0400"
    },
    "done": true
  },
  "minecraft:recipes/transportation/jungle_boat": {
    "criteria": {
      "in_water": "2024-05-17 19:49:22 -0400"
    },
    "done": true
  },
  "charm:core/tools": {
    "criteria": {
      "player_joined": "2024-05-17 19:48:49 -0400"
    },
    "done": true
  },
  "minecraft:recipes/transportation/spruce_boat": {
    "criteria": {
      "in_water": "2024-05-17 19:49:22 -0400"
    },
    "done": true
  },
  "seasonsextras:recipes/tinted_greenhouse_glass": {
    "criteria": {
      "has_glass": "2024-05-17 19:48:50 -0400"
    },
    "done": true
  },
  "minecraft:recipes/misc/gold_nugget_from_blasting": {
    "criteria": {
      "has_golden_helmet": "2024-05-17 19:49:14 -0400"
    },
    "done": true
  },
  "seasonsextras:recipes/crop_season_tester": {
    "criteria": {
      "has_iron": "2024-05-17 19:48:49 -0400"
    },
    "done": true
  },
  "aylyth:recipes/aylyth.aylyth/pomegranate_boat": {
    "criteria": {
      "in_water": "2024-05-17 19:49:22 -0400"
    },
    "done": true
  },
  "farmersdelight:main/root": {
    "criteria": {
      "seeds": "2024-05-17 19:48:49 -0400"
    },
    "done": true
  },
  "minecraft:recipes/transportation/dark_oak_boat": {
    "criteria": {
      "in_water": "2024-05-17 19:49:22 -0400"
    },
    "done": true
  },
  "charm:core/root": {
    "criteria": {
      "player_joined": "2024-05-17 19:48:49 -0400"
    },
    "done": true
  },
  "inmis:frayed_backpack": {
    "criteria": {
      "backpack": "2024-05-17 19:49:11 -0400"
    },
    "done": true
  },
  "architects_palette:main/root": {
    "criteria": {
      "craftingtable": "2024-05-17 19:48:50 -0400"
    },
    "done": true
  },
  "dungeons_arise:wda_root": {
    "criteria": {
      "WDA": "2024-05-17 19:48:49 -0400"
    },
    "done": true
  },
  "frostiful:recipes/combat/armor/fur_padded_chainmail_leggings": {
    "criteria": {
      "has_fur_armor": "2024-05-17 19:48:50 -0400"
    },
    "done": true
  },
  "charm:core/world": {
    "criteria": {
      "player_joined": "2024-05-17 19:48:49 -0400"
    },
    "done": true
  },
  "aylyth:recipes/transportation/ympe_boat": {
    "criteria": {
      "in_water": "2024-05-17 19:49:22 -0400"
    },
    "done": true
  },
  "delightfulcreators:root": {
    "criteria": {
      "0": "2024-05-17 19:48:49 -0400"
    },
    "done": true
  },
  "charm:core/automation": {
    "criteria": {
      "player_joined": "2024-05-17 19:48:49 -0400"
    },
    "done": true
  },
  "frostiful:recipes/combat/armor/fur_padded_chainmail_chestplate": {
    "criteria": {
      "has_fur_armor": "2024-05-17 19:48:50 -0400"
    },
    "done": true
  },
  "charm:core/decoration": {
    "criteria": {
      "player_joined": "2024-05-17 19:48:49 -0400"
    },
    "done": true
  },
  "seasonsextras:recipes/season_detector": {
    "criteria": {
      "has_detector": "2024-05-17 19:48:50 -0400"
    },
    "done": true
  },
  "global:2mal3": {
    "criteria": {
      "trigger": "2024-05-17 19:48:49 -0400"
    },
    "done": true
  },
  "the_bumblezone:the_bumblezone/wiki": {
    "criteria": {
      "instant_granted": "2024-05-17 19:48:49 -0400"
    },
    "done": true
  },
  "charm:core/tweaks": {
    "criteria": {
      "player_joined": "2024-05-17 19:48:49 -0400"
    },
    "done": true
  },
  "toms_storage:unlock_chest": {
    "criteria": {
      "inv_changed-chest": "2024-05-17 19:48:49 -0400"
    },
    "done": true
  },
  "create:root": {
    "criteria": {
      "0": "2024-05-17 19:48:50 -0400"
    },
    "done": true
  },
  "naturescompass:natures_compass_log": {
    "criteria": {
      "has_recipe": "2024-05-17 19:48:49 -0400"
    },
    "done": true
  },
  "minecraft:recipes/misc/gold_nugget_from_smelting": {
    "criteria": {
      "has_golden_helmet": "2024-05-17 19:49:14 -0400"
    },
    "done": true
  },
  "naturescompass:natures_compass_sapling": {
    "criteria": {
      "has_recipe": "2024-05-17 19:48:49 -0400"
    },
    "done": true
  },
  "minecraft:recipes/transportation/oak_boat": {
    "criteria": {
      "in_water": "2024-05-17 19:49:22 -0400"
    },
    "done": true
  },
  "global:root": {
    "criteria": {
      "trigger": "2024-05-17 19:48:49 -0400"
    },
    "done": true
  },
  "charm:core/mobs": {
    "criteria": {
      "player_joined": "2024-05-17 19:48:49 -0400"
    },
    "done": true
  },
  "ecologics:recipes/ecologics/azalea_boat": {
    "criteria": {
      "in_water": "2024-05-17 19:49:22 -0400"
    },
    "done": true
  },
  "beautify:progression/root": {
    "criteria": {
      "Install": "2024-05-17 19:48:49 -0400"
    },
    "done": true
  },
  "repurposed_structures:root": {
    "criteria": {
      "always": "2024-05-17 19:48:49 -0400"
    },
    "done": true
  },
  "DataVersion": 3120
}