{
  "minecraft:recipes/decorations/crafting_table": {
    "criteria": {
      "unlock_right_away": "2024-05-17 20:20:02 +0000"
    },
    "done": true
  },
  "beautify:progression/root": {
    "criteria": {
      "Install": "2024-05-17 20:20:02 +0000"
    },
    "done": true
  },
  "betterdungeons:root": {
    "criteria": {
      "always": "2024-05-17 20:20:02 +0000"
    },
    "done": true
  },
  "rpg_classes:root": {
    "criteria": {
      "always": "2024-05-17 20:20:02 +0000"
    },
    "done": true
  },
  "lootr:root": {
    "criteria": {
      "always_true": "2024-05-17 20:20:02 +0000"
    },
    "done": true
  },
  "betterdeserttemples:root": {
    "criteria": {
      "always": "2024-05-17 20:20:02 +0000"
    },
    "done": true
  },
  "wythers:world_explorer": {
    "criteria": {
      "wythers:tundra": "2024-05-17 20:20:03 +0000"
    },
    "done": false
  },
  "DataVersion": 3465
}